{"properties-of-geometric-figures": 1, "sum-of-interior-angles-more-than-3-sides": 2, "point-plotting": 3, "transformations-rotations": 4, "reading-graph": 5, "area": 6, "perimeter": 7, "square-root": 8, "isosceles-triangle": 9, "application: isosceles triangle": 10, "multiplying-decimals": 11, "proportion": 12, "pythagorean-theorem": 13, "interpreting-linear-equations": 14, "pattern-finding": 15, "application: compare points": 16, "application: multi-column subtraction": 17, "application: simple multiplication": 18, "application: compare expressions": 19, "application: order of operations": 20, "application: multi-column addition": 21, "noskill": 22, "application: read points": 23, "application: find slope in graph": 24, "p-patterns-relations-algebra": 25, "percent-of": 26, "venn-diagram": 27, "equivalent-fractions-decimals-percents": 28, "of-means-multiply": 29, "fraction-multiplication": 30, "supplementary-angles": 31, "transversals": 32, "triangle-inequality": 33, "multiplication": 34, "equation-solving": 35, "discount": 36, "sum-of-interior-angles-triangle": 37, "inducing-functions": 38, "subtraction": 39, "addition": 40, "division": 41, "divide-decimals": 42, "making-sense-of-expressions-and-equations": 43, "ordering-numbers": 44, "fraction-division": 45, "evaluating-functions": 46, "substitution": 47, "algebraic-manipulation": 48, "number-line": 49, "exponents": 50, "comparing-fractions": 51, "scientific-notation": 52, "order-of-operations": 53, "reciprocal": 54, "finding-percents": 55, "subtracting-decimals": 56, "integers": 57, "n-number-sense-operations": 58, "probability": 59, "combinatorics": 60, "symbolization-articulation": 61, "mean": 62, "meaning-of-pi": 63, "interpreting-numberline": 64, "graph-shape": 65, "linear-area-volume-conversion": 66, "inequality-solving": 67, "fractions": 68, "percents": 69, "unit-conversion": 70, "equation-concept": 71, "rate": 72, "median": 73, "mode": 74, "statistics": 75, "circle-graph": 76, "congruence": 77, "least-common-multiple": 78, "fraction-decimals-percents": 79, "multiplying-positive-negative-numbers": 80, "inequalities": 81, "graph interpretation": 82, "algebra symbolization": 83, "surface-area-and-volume": 84, "simple-calculation": 85, "stem-and-leaf-plot": 86, "prime-number": 87, "rounding": 88, "circumference": 89, "reduce-fraction": 90, "application: finding percentage of a number": 91, "area-of-circle": 92, "m-measurement": 93, "rate-with-distance-and-time": 94, "area-concept": 95, "divisibility": 96, "properties-of-solids": 97, "adding-decimals": 98, "measurement": 99, "g-geometry": 100, "similar-triangles": 101, "slope": 102}