{"Box and Whisker": 1, "Circle Graph": 2, "Histogram as Table or Graph": 3, "Number Line": 4, "Scatter Plot": 5, "Stem and Leaf Plot": 6, "Table": 7, "Venn Diagram": 8, "Mean": 9, "Median": 10, "Mode": 11, "Range": 12, "Counting Methods": 13, "Probability of Two Distinct Events": 14, "Probability of a Single Event": 15, "Interior Angles Figures with More than 3 Sides": 16, "Interior Angles Triangle": 17, "Congruence": 18, "Complementary and Supplementary Angles": 19, "Angles on Parallel Lines Cut by a Transversal": 20, "Pythagorean Theorem": 21, "Nets of 3D Figures": 22, "Unit Conversion Within a System": 23, "Effect of Changing Dimensions of a Shape Prportionally": 24, "Area Circle": 25, "Circumference ": 26, "Perimeter of a Polygon": 27, "Reading a Ruler or Scale": 28, "Calculations with Similar Figures": 29, "Conversion of Fraction Decimals Percents": 30, "Equivalent Fractions": 31, "Ordering Positive Decimals": 32, "Ordering Fractions": 33, "Ordering Integers": 34, "Ordering Real Numbers": 35, "Rounding": 36, "Addition Whole Numbers": 37, "Division Fractions": 38, "Estimation": 39, "Fraction Of": 40, "Least Common Multiple": 41, "Multiplication Fractions": 42, "Multiplication Whole Numbers": 43, "Percent Of": 44, "Subtraction Whole Numbers": 45, "Square Root": 46, "Finding Percents": 47, "Proportion": 48, "Scale Factor": 49, "Unit Rate": 50, "Scientific Notation": 51, "Divisibility Rules": 52, "Prime Number": 53, "Absolute Value": 54, "Exponents": 55, "Pattern Finding ": 56, "D.4.8-understanding-concept-of-probabilities": 57, "Algebraic Simplification": 58, "Algebraic Solving": 59, "Choose an Equation from Given Information": 60, "Intercept": 61, "Linear Equations": 62, "Percent Discount": 63, "Percents": 64, "Rate": 65, "Slope": 66, "Multiplication and Division Positive Decimals": 67, "Addition and Subtraction Integers": 68, "Addition and Subtraction Positive Decimals": 69, "Multiplication and Division Integers": 70, "Addition and Subtraction Fractions": 71, "Reflection": 72, "Rotations": 73, "Translations": 74, "Area Irregular Figure": 75, "Area Parallelogram": 76, "Area Rectangle": 77, "Area Trapezoid": 78, "Area Triangle": 79, "Surface Area Cylinder": 80, "Surface Area Rectangular Prism": 81, "Volume Cylinder": 82, "Volume Rectangular Prism": 83, "Volume Sphere": 84, "Order of Operations +,-,/,* () positive reals": 85, "Order of Operations All": 86, "Equation Solving Two or Fewer Steps": 87, "Equation Solving More Than Two Steps": 88, "Angles - Obtuse, Acute, and Right": 89, "Greatest Common Factor": 90, "Computation with Real Numbers": 91, "Write Linear Equation from Ordered Pairs": 92, "Write Linear Equation from Situation": 93, "Recognize Linear Pattern": 94, "Write Linear Equation from Graph": 95, "Finding Slope From Situation": 96, "Finding Slope From Equation": 97, "Finding Slope from Ordered Pairs": 98, "Distributive Property": 99, "Midpoint": 100, "Polynomial Factors": 101, "Recognize Quadratic Pattern": 102, "Solving Systems of Linear Equations": 103, "Quadratic Formula to Solve Quadratic Equation": 104, "Parts of a Polyomial, Terms, Coefficient, Monomial, Exponent, Variable": 105, "Interpreting Coordinate Graphs ": 106, "Solving for a variable": 107, "Simplifying Expressions positive exponents": 108, "Solving Inequalities": 109, "Solving Systems of Linear Equations by Graphing": 110}